file_name,period
001_DISTORTED1sddb40_209,209
002_DISTORTED2sddb40_209,209
003_DISTORTED3sddb40_209,209
004_DISTORTEDBIDMC1_80,80
005_DISTORTEDCIMIS44AirTemperature1_24,24
006_DISTORTEDCIMIS44AirTemperature2_24,24
007_DISTORTEDCIMIS44AirTemperature3_24,24
008_DISTORTEDCIMIS44AirTemperature4_24,24
009_DISTORTEDCIMIS44AirTemperature5_24,24
010_DISTORTEDCIMIS44AirTemperature6_24,24
011_DISTORTEDECG1_92,92
012_DISTORTEDECG2_91,91
013_DISTORTEDECG3_166,166
014_DISTORTEDECG3_167,167
015_DISTORTEDECG4_454,454
016_DISTORTEDECG4_167,167
017_DISTORTEDECG4_167,167
018_DISTORTEDECG4_167,167
019_DISTORTEDGP711MarkerLFM5z1_217,217
020_DISTORTEDGP711MarkerLFM5z2_217,217
021_DISTORTEDGP711MarkerLFM5z3_217,217
022_DISTORTEDGP711MarkerLFM5z4_217,217
023_DISTORTEDGP711MarkerLFM5z5_217,217
024_DISTORTEDInternalBleeding10_154,154
025_DISTORTEDInternalBleeding14_154,154
026_DISTORTEDInternalBleeding15_173,173
027_DISTORTEDInternalBleeding16_183,183
028_DISTORTEDInternalBleeding17_182,182
029_DISTORTEDInternalBleeding18_183,183
030_DISTORTEDInternalBleeding19_183,183
031_DISTORTEDInternalBleeding20_183,183
032_DISTORTEDInternalBleeding4_179,179
033_DISTORTEDInternalBleeding5_173,173
034_DISTORTEDInternalBleeding6_152,152
035_DISTORTEDInternalBleeding8_167,167
036_DISTORTEDInternalBleeding9_175,175
037_DISTORTEDLab2Cmac011215EPG1_34,34
038_DISTORTEDLab2Cmac011215EPG2_34,34
039_DISTORTEDLab2Cmac011215EPG3_34,34
040_DISTORTEDLab2Cmac011215EPG4_35,35
041_DISTORTEDLab2Cmac011215EPG5_35,35
042_DISTORTEDLab2Cmac011215EPG6_35,35
043_DISTORTEDMesoplodonDensirostris_49,49
044_DISTORTEDPowerDemand1_168,168
045_DISTORTEDPowerDemand2_168,168
046_DISTORTEDPowerDemand3_168,168
047_DISTORTEDPowerDemand4_168,168
048_DISTORTEDTkeepFifthMARS_98,98
049_DISTORTEDTkeepFirstMARS_98,98
050_DISTORTEDTkeepForthMARS_98,98
051_DISTORTEDTkeepSecondMARS_98,98
052_DISTORTEDTkeepThirdMARS_98,98
053_DISTORTEDWalkingAceleration1_113,113
054_DISTORTEDWalkingAceleration5_113,113
055_DISTORTEDapneaecg2_359,359
056_DISTORTEDapneaecg3_360,360
057_DISTORTEDapneaecg4_360,360
058_DISTORTEDapneaecg_359,359
059_DISTORTEDgait1_313,313
060_DISTORTEDgait2_313,313
061_DISTORTEDgait3_313,313
062_DISTORTEDgaitHunt1_331,331
063_DISTORTEDgaitHunt2_331,331
064_DISTORTEDgaitHunt3_329,329
065_DISTORTEDinsectEPG1_26,26
066_DISTORTEDinsectEPG2_26,26
067_DISTORTEDinsectEPG3_26,26
068_DISTORTEDinsectEPG4_26,26
069_DISTORTEDinsectEPG5_26,26
070_DISTORTEDltstdbs30791AI_231,231
071_DISTORTEDltstdbs30791AS_234,234
072_DISTORTEDltstdbs30791ES_233,233
073_DISTORTEDpark3m_355,355
074_DISTORTEDqtdbSel1005V_184,184
075_DISTORTEDqtdbSel100MLII_189,189
076_DISTORTEDresperation10_470,470
077_DISTORTEDresperation11_471,471
078_DISTORTEDresperation1_469,469
079_DISTORTEDresperation2_468,468
080_DISTORTEDresperation2_468,468
081_DISTORTEDresperation3_468,468
082_DISTORTEDresperation4_469,469
083_DISTORTEDresperation9_469,469
084_DISTORTEDs20101mML2_108,108
085_DISTORTEDs20101m_108,108
086_DISTORTEDsddb49_276,276
087_DISTORTEDsel840mECG1_172,172
088_DISTORTEDsel840mECG2_173,173
089_DISTORTEDtiltAPB1_238,238
090_DISTORTEDtiltAPB2_240,240
091_DISTORTEDtiltAPB3_240,240
092_DISTORTEDtiltAPB4_243,243
093_NOISE1sddb40_209,209
094_NOISEBIDMC1_80,80
095_NOISECIMIS44AirTemperature4_24,24
096_NOISEECG4_167,167
097_NOISEGP711MarkerLFM5z3_217,217
098_NOISEInternalBleeding16_183,183
099_NOISEInternalBleeding6_152,152
100_NOISELab2Cmac011215EPG1_34,34
101_NOISELab2Cmac011215EPG4_35,35
102_NOISEMesoplodonDensirostris_49,49
103_NOISETkeepThirdMARS_98,98
104_NOISEapneaecg4_360,360
105_NOISEgait3_313,313
106_NOISEgaitHunt2_331,331
107_NOISEinsectEPG3_26,26
108_NOISEresperation2_468,468
109_1sddb40_209,209
110_2sddb40_209,209
111_3sddb40_209,209
112_BIDMC1_80,80
113_CIMIS44AirTemperature1_24,24
114_CIMIS44AirTemperature2_24,24
115_CIMIS44AirTemperature3_24,24
116_CIMIS44AirTemperature4_24,24
117_CIMIS44AirTemperature5_24,24
118_CIMIS44AirTemperature6_24,24
119_ECG1_92,92
120_ECG2_91,91
121_ECG3_166,166
122_ECG3_167,167
123_ECG4_454,454
124_ECG4_167,167
125_ECG4_167,167
126_ECG4_167,167
127_GP711MarkerLFM5z1_217,217
128_GP711MarkerLFM5z2_217,217
129_GP711MarkerLFM5z3_217,217
130_GP711MarkerLFM5z4_217,217
131_GP711MarkerLFM5z5_217,217
132_InternalBleeding10_154,154
133_InternalBleeding14_154,154
134_InternalBleeding15_173,173
135_InternalBleeding16_183,183
136_InternalBleeding17_182,182
137_InternalBleeding18_183,183
138_InternalBleeding19_183,183
139_InternalBleeding20_183,183
140_InternalBleeding4_179,179
141_InternalBleeding5_173,173
142_InternalBleeding6_152,152
143_InternalBleeding8_167,167
144_InternalBleeding9_175,175
145_Lab2Cmac011215EPG1_34,34
146_Lab2Cmac011215EPG2_34,34
147_Lab2Cmac011215EPG3_34,34
148_Lab2Cmac011215EPG4_35,35
149_Lab2Cmac011215EPG5_35,35
150_Lab2Cmac011215EPG6_35,35
151_MesoplodonDensirostris_49,49
152_PowerDemand1_168,168
153_PowerDemand2_168,168
154_PowerDemand3_168,168
155_PowerDemand4_168,168
156_TkeepFifthMARS_98,98
157_TkeepFirstMARS_98,98
158_TkeepForthMARS_98,98
159_TkeepSecondMARS_98,98
160_TkeepThirdMARS_98,98
161_WalkingAceleration1_113,113
162_WalkingAceleration5_113,113
163_apneaecg2_360,360
164_apneaecg3_360,360
165_apneaecg4_360,360
166_apneaecg_360,360
167_gait1_313,313
168_gait2_313,313
169_gait3_313,313
170_gaitHunt1_331,331
171_gaitHunt2_331,331
172_gaitHunt3_328,328
173_insectEPG1_26,26
174_insectEPG2_26,26
175_insectEPG3_26,26
176_insectEPG4_26,26
177_insectEPG5_26,26
178_ltstdbs30791AI_231,231
179_ltstdbs30791AS_234,234
180_ltstdbs30791ES_233,233
181_park3m_356,356
182_qtdbSel1005V_184,184
183_qtdbSel100MLII_189,189
184_resperation10_470,470
185_resperation11_471,471
186_resperation1_469,469
187_resperation2_468,468
188_resperation2_468,468
189_resperation3_468,468
190_resperation4_469,469
191_resperation9_469,469
192_s20101mML2_108,108
193_s20101m_108,108
194_sddb49_276,276
195_sel840mECG1_172,172
196_sel840mECG2_173,173
197_tiltAPB1_238,238
198_tiltAPB2_240,240
199_tiltAPB3_240,240
200_tiltAPB4_243,243
201_CHARISfive_33,33
202_CHARISfive_33,33
203_CHARISfive_33,33
204_CHARISfive_33,33
205_CHARISfive_33,33
206_CHARISten_37,37
207_CHARISten_37,37
208_CHARISten_37,37
209_Fantasia_262,262
210_Italianpowerdemand_96,96
211_Italianpowerdemand_96,96
212_Italianpowerdemand_168,96
213_STAFFIIIDatabase_124,900
214_STAFFIIIDatabase_320,900
215_STAFFIIIDatabase_64,900
216_STAFFIIIDatabase_81,900
217_STAFFIIIDatabase_319,900
218_STAFFIIIDatabase_124,900
219_STAFFIIIDatabase_125,900
220_STAFFIIIDatabase_43217,900
221_STAFFIIIDatabase_63,900
222_mit14046longtermecg_99,99
223_mit14046longtermecg_99,99
224_mit14046longtermecg_99,99
225_mit14046longtermecg_99,99
226_mit14046longtermecg_183,183
227_mit14134longtermecg_232,232
228_mit14134longtermecg_133,133
229_mit14134longtermecg_64,64
230_mit14134longtermecg_691,106
231_mit14134longtermecg_238,238
232_mit14134longtermecg_238,238
233_mit14157longtermecg_113,113
234_mit14157longtermecg_115,115
235_mit14157longtermecg_114,114
236_mit14157longtermecg_115,115
237_mit14157longtermecg_105,105
238_mit14157longtermecg_115,115
239_taichidbS0715Master_1520,152
240_taichidbS0715Master_1538,153
241_taichidbS0715Master_1538,153
242_tilt12744mtable_306,306
243_tilt12744mtable_272,272
244_tilt12754table_166,166
245_tilt12754table_166,166
246_tilt12755mtable_237,237
247_tilt12755mtable_236,236
248_weallwalk_24,24
249_weallwalk_24,24
250_weallwalk_24,24
